DATE,VALUE
2017-07-01,835
2017-07-02,702
2017-07-03,331
2017-07-04,275
2017-07-05,293
2017-07-06,317
2017-07-07,311
2017-07-08,780
2017-07-09,736
2017-07-10,325
2017-07-11,307
2017-07-12,311
2017-07-13,311
2017-07-14,266
2017-07-15,779
2017-07-16,705
2017-07-17,305
2017-07-18,300
2017-07-19,287
2017-07-20,283
2017-07-21,294
2017-07-22,798
2017-07-23,733
2017-07-24,326
2017-07-25,294
2017-07-26,310
2017-07-27,305
2017-07-28,318
2017-07-29,891
2017-07-30,709
2017-07-31,408
2017-08-01,306
2017-08-02,293
2017-08-03,267
2017-08-04,327
2017-08-05,755
2017-08-06,698
2017-08-07,378
2017-08-08,294
2017-08-09,300
2017-08-10,313
2017-08-11,309
2017-08-12,835
2017-08-13,677
2017-08-14,334
2017-08-15,305
2017-08-16,318
2017-08-17,309
2017-08-18,306
2017-08-19,817
2017-08-20,632
2017-08-21,353
2017-08-22,349
2017-08-23,291
2017-08-24,307
2017-08-25,321
2017-08-26,792
2017-08-27,735
2017-08-28,752
2017-08-29,330
2017-08-30,267
2017-08-31,265
2017-09-01,284
2017-09-02,799
2017-09-03,716
2017-09-04,327
2017-09-05,257
2017-09-06,324
2017-09-07,261
2017-09-08,265
2017-09-09,758
2017-09-10,660
2017-09-11,295
2017-09-12,259
2017-09-13,302
2017-09-14,283
2017-09-15,291
2017-09-16,808
2017-09-17,709
2017-09-18,319
2017-09-19,284
2017-09-20,304
2017-09-21,281
2017-09-22,299
2017-09-23,727
2017-09-24,675
2017-09-25,335
2017-09-26,292
2017-09-27,265
2017-09-28,295
2017-09-29,257
2017-09-30,836
2017-10-01,670
2017-10-02,324
2017-10-03,304
2017-10-04,295
2017-10-05,249
2017-10-06,266
2017-10-07,754
2017-10-08,707
2017-10-09,316
2017-10-10,252
2017-10-11,288
2017-10-12,303
2017-10-13,377
2017-10-14,769
2017-10-15,721
2017-10-16,310
2017-10-17,300
2017-10-18,283
2017-10-19,282
2017-10-20,274
2017-10-21,769
2017-10-22,661
2017-10-23,308
2017-10-24,290
2017-10-25,292
2017-10-26,249
2017-10-27,297
2017-10-28,685
2017-10-29,678
2017-10-30,258
2017-10-31,257
2017-11-01,293
2017-11-02,274
2017-11-03,277
2017-11-04,727
2017-11-05,632
2017-11-06,301
2017-11-07,295
2017-11-08,258
2017-11-09,305
2017-11-10,294
2017-11-11,797
2017-11-12,659
2017-11-13,311
2017-11-14,309
2017-11-15,304
2017-11-16,293
2017-11-17,294
2017-11-18,777
2017-11-19,743
2017-11-20,359
2017-11-21,343
2017-11-22,325
2017-11-23,290
2017-11-24,268
2017-11-25,716
2017-11-26,724
2017-11-27,302
2017-11-28,328
2017-11-29,309
2017-11-30,287
2017-12-01,296
2017-12-02,944
2017-12-03,802
2017-12-04,360
2017-12-05,306
2017-12-06,272
2017-12-07,313
2017-12-08,302
2017-12-09,896
2017-12-10,908
2017-12-11,279
2017-12-12,277
2017-12-13,253
2017-12-14,254
2017-12-15,280
2017-12-16,935
2017-12-17,862
2017-12-18,319
2017-12-19,278
2017-12-20,283
2017-12-21,270
2017-12-22,300
2017-12-23,1224
2017-12-24,1141
2017-12-25,763
2017-12-26,947
2017-12-27,330
2017-12-28,355
2017-12-29,380
2017-12-30,1248
2017-12-31,1169
2018-01-01,979
2018-01-02,350
2018-01-03,307
2018-01-04,264
2018-01-05,317
2018-01-06,858
2018-01-07,728
2018-01-08,296
2018-01-09,306
2018-01-10,280
2018-01-11,214
2018-01-12,328
2018-01-13,746
2018-01-14,700
2018-01-15,339
2018-01-16,286
2018-01-17,290
2018-01-18,267
2018-01-19,324
2018-01-20,906
2018-01-21,714
2018-01-22,320
2018-01-23,290
2018-01-24,294
2018-01-25,295
2018-01-26,299
2018-01-27,852
2018-01-28,720
2018-01-29,301
2018-01-30,270
2018-01-31,239
2018-02-01,262
2018-02-02,315
2018-02-03,843
2018-02-04,742
2018-02-05,323
2018-02-06,283
2018-02-07,260
2018-02-08,291
2018-02-09,316
2018-02-10,917
2018-02-11,745
2018-02-12,316
2018-02-13,287
2018-02-14,309
2018-02-15,308
2018-02-16,312
2018-02-17,879
2018-02-18,842
2018-02-19,317
2018-02-20,303
2018-02-21,260
2018-02-22,264
2018-02-23,283
2018-02-24,797
2018-02-25,778
2018-02-26,292
2018-02-27,298
2018-02-28,271
2018-03-01,333
2018-03-02,389
2018-03-03,1005
2018-03-04,1034
2018-03-05,398
2018-03-06,390
2018-03-07,289
2018-03-08,301
2018-03-09,320
2018-03-10,863
2018-03-11,781
2018-03-12,332
2018-03-13,330
2018-03-14,322
2018-03-15,294
2018-03-16,325
2018-03-17,822
2018-03-18,613
2018-03-19,301
2018-03-20,281
2018-03-21,298
2018-03-22,279
2018-03-23,294
2018-03-24,827
2018-03-25,666
2018-03-26,350
2018-03-27,264
2018-03-28,319
2018-03-29,323
2018-03-30,1048
2018-03-31,1190
2018-04-01,986
2018-04-02,1180
2018-04-03,425
2018-04-04,324
2018-04-05,317
2018-04-06,362
2018-04-07,1078
2018-04-08,890
2018-04-09,306
2018-04-10,288
2018-04-11,321
2018-04-12,263
2018-04-13,271
2018-04-14,741
2018-04-15,616
2018-04-16,328
2018-04-17,266
2018-04-18,251
2018-04-19,277
2018-04-20,278
2018-04-21,711
2018-04-22,642
2018-04-23,288
2018-04-24,235
2018-04-25,244
2018-04-26,232
2018-04-27,287
2018-04-28,808
2018-04-29,599
2018-04-30,268
2018-05-01,267
2018-05-02,253
2018-05-03,258
2018-05-04,334
2018-05-05,932
2018-05-06,786
2018-05-07,779
2018-05-08,309
2018-05-09,293
2018-05-10,287
2018-05-11,283
2018-05-12,754
2018-05-13,644
2018-05-14,310
2018-05-15,266
2018-05-16,228
2018-05-17,283
2018-05-18,320
2018-05-19,664
2018-05-20,631
2018-05-21,267
2018-05-22,251
2018-05-23,297
2018-05-24,292
2018-05-25,299
2018-05-26,952
2018-05-27,896
2018-05-28,784
2018-05-29,347
2018-05-30,326
2018-05-31,326
2018-06-01,322
2018-06-02,854
2018-06-03,747
2018-06-04,347
2018-06-05,327
2018-06-06,292
2018-06-07,307
2018-06-08,297
2018-06-09,837
2018-06-10,719
2018-06-11,314
2018-06-12,293
2018-06-13,294
2018-06-14,302
2018-06-15,274
2018-06-16,833
2018-06-17,661
2018-06-18,285
2018-06-19,267
2018-06-20,293
2018-06-21,264
2018-06-22,298
2018-06-23,702
2018-06-24,651
2018-06-25,330
2018-06-26,317
2018-06-27,306
2018-06-28,272
2018-06-29,350
2018-06-30,875
2018-07-01,847
2018-07-02,368
2018-07-03,358
2018-07-04,318
2018-07-05,353
2018-07-06,347
2018-07-07,915
2018-07-08,748
2018-07-09,359
2018-07-10,347
2018-07-11,327
2018-07-12,308
2018-07-13,294
2018-07-14,880
2018-07-15,697
2018-07-16,359
2018-07-17,332
2018-07-18,303
2018-07-19,276
2018-07-20,315
2018-07-21,891
2018-07-22,780
2018-07-23,392
2018-07-24,372
2018-07-25,299
2018-07-26,313
2018-07-27,313
2018-07-28,859
2018-07-29,758
2018-07-30,301
2018-07-31,304
2018-08-01,310
2018-08-02,295
2018-08-03,359
2018-08-04,906
2018-08-05,703
2018-08-06,363
2018-08-07,313
2018-08-08,319
2018-08-09,285
2018-08-10,307
2018-08-11,812
2018-08-12,852
2018-08-13,364
2018-08-14,320
2018-08-15,327
2018-08-16,341
2018-08-17,396
2018-08-18,964
2018-08-19,810
2018-08-20,331
2018-08-21,338
2018-08-22,293
2018-08-23,287
2018-08-24,296
2018-08-25,812
2018-08-26,909
2018-08-27,788
2018-08-28,327
2018-08-29,332
2018-08-30,285
2018-08-31,265
2018-09-01,687
2018-09-02,607
2018-09-03,299
2018-09-04,279
2018-09-05,263
2018-09-06,255
2018-09-07,293
2018-09-08,755
2018-09-09,674
2018-09-10,330
2018-09-11,291
2018-09-12,263
2018-09-13,282
2018-09-14,297
2018-09-15,795
2018-09-16,664
2018-09-17,294
2018-09-18,260
2018-09-19,296
2018-09-20,281
2018-09-21,309
2018-09-22,784
2018-09-23,638
2018-09-24,272
2018-09-25,210
2018-09-26,241
2018-09-27,267
2018-09-28,263
2018-09-29,733
2018-09-30,611
2018-10-01,322
2018-10-02,230
2018-10-03,233
2018-10-04,237
2018-10-05,293
2018-10-06,758
2018-10-07,624
2018-10-08,265
2018-10-09,320
2018-10-10,289
2018-10-11,227
2018-10-12,345
2018-10-13,846
2018-10-14,672
2018-10-15,301
2018-10-16,273
2018-10-17,271
2018-10-18,266
2018-10-19,284
2018-10-20,763
2018-10-21,592
2018-10-22,312
2018-10-23,272
2018-10-24,277
2018-10-25,276
2018-10-26,276
2018-10-27,746
2018-10-28,724
2018-10-29,262
2018-10-30,251
2018-10-31,254
2018-11-01,259
2018-11-02,256
2018-11-03,836
2018-11-04,650
2018-11-05,286
2018-11-06,265
2018-11-07,294
2018-11-08,248
2018-11-09,288
2018-11-10,818
2018-11-11,644
2018-11-12,354
2018-11-13,282
2018-11-14,310
2018-11-15,295
2018-11-16,323
2018-11-17,732
2018-11-18,547
2018-11-19,289
2018-11-20,237
2018-11-21,227
2018-11-22,247
2018-11-23,284
2018-11-24,829
2018-11-25,741
2018-11-26,337
2018-11-27,308
2018-11-28,297
2018-11-29,276
2018-11-30,332
2018-12-01,854
2018-12-02,754
2018-12-03,292
2018-12-04,294
2018-12-05,264
2018-12-06,320
2018-12-07,291
2018-12-08,834
2018-12-09,743
2018-12-10,312
2018-12-11,273
2018-12-12,287
2018-12-13,264
2018-12-14,295
2018-12-15,742
2018-12-16,700
2018-12-17,311
2018-12-18,264
2018-12-19,263
2018-12-20,303
2018-12-21,308
2018-12-22,1042
2018-12-23,949
2018-12-24,358
2018-12-25,540
2018-12-26,895
2018-12-27,384
2018-12-28,396
2018-12-29,1112
2018-12-30,891
2018-12-31,311
2019-01-01,726
2019-01-02,280
2019-01-03,290
2019-01-04,313
2019-01-05,783
2019-01-06,709
2019-01-07,322
2019-01-08,253
2019-01-09,278
2019-01-10,274
2019-01-11,355
2019-01-12,943
2019-01-13,702
2019-01-14,296
2019-01-15,293
2019-01-16,281
2019-01-17,266
2019-01-18,320
2019-01-19,780
2019-01-20,737
2019-01-21,313
2019-01-22,287
2019-01-23,284
2019-01-24,277
2019-01-25,326
2019-01-26,854
2019-01-27,704
2019-01-28,361
2019-01-29,284
2019-01-30,280
2019-01-31,291
2019-02-01,299
2019-02-02,863
2019-02-03,786
2019-02-04,400
2019-02-05,302
2019-02-06,336
2019-02-07,298
2019-02-08,313
2019-02-09,910
2019-02-10,904
2019-02-11,347
2019-02-12,306
2019-02-13,332
2019-02-14,269
2019-02-15,334
2019-02-16,971
2019-02-17,829
2019-02-18,392
2019-02-19,304
2019-02-20,313
2019-02-21,320
2019-02-22,377
2019-02-23,915
2019-02-24,750
2019-02-25,304
2019-02-26,264
2019-02-27,276
2019-02-28,289
2019-03-01,313
2019-03-02,897
2019-03-03,761
2019-03-04,337
2019-03-05,287
2019-03-06,294
2019-03-07,254
2019-03-08,274
2019-03-09,805
2019-03-10,782
2019-03-11,356
2019-03-12,297
2019-03-13,255
2019-03-14,251
2019-03-15,331
2019-03-16,814
2019-03-17,690
2019-03-18,333
2019-03-19,308
2019-03-20,289
2019-03-21,305
2019-03-22,300
2019-03-23,848
2019-03-24,686
2019-03-25,333
2019-03-26,293
2019-03-27,259
2019-03-28,265
2019-03-29,291
2019-03-30,806
2019-03-31,584
2019-04-01,359
2019-04-02,328
2019-04-03,297
2019-04-04,312
2019-04-05,315
2019-04-06,860
2019-04-07,779
2019-04-08,354
2019-04-09,301
2019-04-10,290
2019-04-11,264
2019-04-12,305
2019-04-13,897
2019-04-14,672
2019-04-15,282
2019-04-16,307
2019-04-17,311
2019-04-18,392
2019-04-19,1106
2019-04-20,1209
2019-04-21,934
2019-04-22,984
2019-04-23,388
2019-04-24,338
2019-04-25,298
2019-04-26,336
2019-04-27,776
2019-04-28,712
2019-04-29,706
2019-04-30,256
2019-05-01,278
2019-05-02,322
2019-05-03,333
2019-05-04,835
2019-05-05,758
2019-05-06,706
2019-05-07,358
2019-05-08,320
2019-05-09,352
2019-05-10,329
2019-05-11,764
2019-05-12,704
2019-05-13,321
2019-05-14,304
2019-05-15,305
2019-05-16,307
2019-05-17,336
2019-05-18,1027
2019-05-19,781
2019-05-20,326
2019-05-21,344
2019-05-22,358
2019-05-23,323
2019-05-24,380
2019-05-25,1053
2019-05-26,1107
2019-05-27,1079
2019-05-28,355
2019-05-29,350
2019-05-30,367
2019-05-31,407
2019-06-01,927
2019-06-02,708
2019-06-03,327
2019-06-04,332
2019-06-05,321
2019-06-06,314
2019-06-07,278
2019-06-08,958
2019-06-09,782
2019-06-10,367
2019-06-11,282
2019-06-12,327
2019-06-13,307
2019-06-14,337
2019-06-15,930
2019-06-16,839
2019-06-17,371
2019-06-18,365
2019-06-19,333
2019-06-20,320
2019-06-21,331
2019-06-22,899
2019-06-23,873
2019-06-24,351
2019-06-25,252
2019-06-26,338
2019-06-27,322
2019-06-28,403
2019-06-29,1076
2019-06-30,871
2019-07-01,475
2019-07-02,320
2019-07-03,341
2019-07-04,334
2019-07-05,399
2019-07-06,898
2019-07-07,875
2019-07-08,433
2019-07-09,370
2019-07-10,360
2019-07-11,400
2019-07-12,395
2019-07-13,980
2019-07-14,797
2019-07-15,416
2019-07-16,403
2019-07-17,329
2019-07-18,311
2019-07-19,355
2019-07-20,872
2019-07-21,756
2019-07-22,341
2019-07-23,366
2019-07-24,373
2019-07-25,364
2019-07-26,432
2019-07-27,962
2019-07-28,892
2019-07-29,440
2019-07-30,410
2019-07-31,272
2019-08-01,369
2019-08-02,408
2019-08-03,1024
2019-08-04,919
2019-08-05,479
2019-08-06,340
2019-08-07,351
2019-08-08,325
2019-08-09,367
2019-08-10,977
2019-08-11,718
2019-08-12,346
2019-08-13,353
2019-08-14,345
2019-08-15,412
2019-08-16,396
2019-08-17,1078
2019-08-18,750
2019-08-19,448
2019-08-20,398
2019-08-21,343
2019-08-22,325
2019-08-23,397
2019-08-24,1045
2019-08-25,1156
2019-08-26,1047
2019-08-27,381
2019-08-28,352
2019-08-29,397
2019-08-30,408
2019-08-31,990
2019-09-01,738
2019-09-02,328
2019-09-03,274
2019-09-04,254
2019-09-05,314
2019-09-06,339
2019-09-07,858
2019-09-08,750
2019-09-09,299
2019-09-10,274
2019-09-11,323
2019-09-12,324
2019-09-13,373
2019-09-14,1000
2019-09-15,829
2019-09-16,450
2019-09-17,304
2019-09-18,304
2019-09-19,296
2019-09-20,306
2019-09-21,1017
2019-09-22,889
2019-09-23,314
2019-09-24,304
2019-09-25,286
2019-09-26,291
2019-09-27,327
2019-09-28,779
2019-09-29,791
2019-09-30,335
2019-10-01,334
2019-10-02,337
2019-10-03,286
2019-10-04,368
2019-10-05,879
2019-10-06,771
2019-10-07,338
2019-10-08,294
2019-10-09,294
2019-10-10,301
2019-10-11,324
2019-10-12,925
2019-10-13,842
2019-10-14,353
2019-10-15,341
2019-10-16,336
2019-10-17,294
2019-10-18,383
2019-10-19,921
2019-10-20,723
2019-10-21,327
2019-10-22,330
2019-10-23,304
2019-10-24,293
2019-10-25,318
2019-10-26,862
2019-10-27,799
2019-10-28,383
2019-10-29,343
2019-10-30,327
2019-10-31,332
2019-11-01,357
2019-11-02,836
2019-11-03,702
2019-11-04,403
2019-11-05,327
2019-11-06,318
2019-11-07,328
2019-11-08,327
2019-11-09,821
2019-11-10,722
2019-11-11,395
2019-11-12,296
2019-11-13,336
2019-11-14,298
2019-11-15,335
2019-11-16,1016
2019-11-17,847
2019-11-18,355
2019-11-19,310
2019-11-20,348
2019-11-21,349
2019-11-22,341
2019-11-23,897
2019-11-24,855
2019-11-25,392
2019-11-26,342
2019-11-27,375
2019-11-28,329
2019-11-29,338
2019-11-30,913
2019-12-01,530
2019-12-02,384
2019-12-03,349
2019-12-04,297
2019-12-05,364
2019-12-06,386
2019-12-07,975
2019-12-08,814
2019-12-09,417
2019-12-10,359
2019-12-11,326
2019-12-12,364
2019-12-13,342
2019-12-14,1107
2019-12-15,959
2019-12-16,436
2019-12-17,384
2019-12-18,376
2019-12-19,407
2019-12-20,483
2019-12-21,1288
2019-12-22,1262
2019-12-23,507
2019-12-24,392
2019-12-25,656
2019-12-26,1164
2019-12-27,484
2019-12-28,1499
2019-12-29,1253
2019-12-30,0
2019-12-31,0
2020-01-01,0
2020-01-02,0
2020-01-03,0
2020-01-04,0
2020-01-05,0
2020-01-06,387
2020-01-07,347
2020-01-08,334
2020-01-09,303
2020-01-10,337
2020-01-11,959
2020-01-12,790
2020-01-13,307
2020-01-14,355
2020-01-15,300
2020-01-16,327
2020-01-17,341
2020-01-18,821
2020-01-19,665
2020-01-20,380
2020-01-21,329
2020-01-22,316
2020-01-23,266
2020-01-24,368
2020-01-25,978
2020-01-26,741
2020-01-27,332
2020-01-28,311
2020-01-29,339
2020-01-30,334
2020-01-31,433
2020-02-01,992
2020-02-02,963
2020-02-03,485
2020-02-04,359
2020-02-05,341
2020-02-06,317
2020-02-07,390
2020-02-08,1070
2020-02-09,892
2020-02-10,406
2020-02-11,349
2020-02-12,384
2020-02-13,360
2020-02-14,358
2020-02-15,942
2020-02-16,880
2020-02-17,409
2020-02-18,362
2020-02-19,349
2020-02-20,400
2020-02-21,363
2020-02-22,963
2020-02-23,869
2020-02-24,438
2020-02-25,448
2020-02-26,394
2020-02-27,413
2020-02-28,409
2020-02-29,980
2020-03-01,878
2020-03-02,488
2020-03-03,396
2020-03-04,448
2020-03-05,439
2020-03-06,459
2020-03-07,952
2020-03-08,950
2020-03-09,615
2020-03-10,657
2020-03-11,805
2020-03-12,686
2020-03-13,910
2020-03-14,956
2020-03-15,974
2020-03-16,869
2020-03-17,793
2020-03-18,747
2020-03-19,675
2020-03-20,611
2020-03-21,1067
2020-03-22,962
2020-03-23,874
2020-03-24,656
2020-03-25,590
2020-03-26,592
2020-03-27,547
2020-03-28,1040
2020-03-29,762
2020-03-30,521
2020-03-31,428
2020-04-01,399
2020-04-02,437
2020-04-03,417
2020-04-04,773
2020-04-05,651
2020-04-06,481
2020-04-07,378
2020-04-08,374
2020-04-09,394
2020-04-10,447
2020-04-11,913
2020-04-12,794
2020-04-13,422
2020-04-14,383
2020-04-15,322
2020-04-16,339
2020-04-17,438
2020-04-18,824
2020-04-19,642
2020-04-20,353
2020-04-21,311
2020-04-22,313
2020-04-23,298
2020-04-24,339
2020-04-25,815
2020-04-26,661
2020-04-27,341
2020-04-28,296
2020-04-29,292
2020-04-30,307
2020-05-01,365
2020-05-02,840
2020-05-03,681
2020-05-04,397
2020-05-05,330
2020-05-06,291
2020-05-07,320
2020-05-08,437
2020-05-09,895
2020-05-10,636
2020-05-11,370
2020-05-12,331
2020-05-13,329
2020-05-14,308
2020-05-15,351
2020-05-16,723
2020-05-17,606
2020-05-18,375
2020-05-19,355
2020-05-20,323
2020-05-21,308
2020-05-22,353
2020-05-23,944
2020-05-24,761
2020-05-25,932
2020-05-26,417
2020-05-27,362
2020-05-28,357
2020-05-29,378
2020-05-30,840
2020-05-31,645
2020-06-01,448
2020-06-02,352
2020-06-03,350
2020-06-04,348
2020-06-05,351
2020-06-06,802
2020-06-07,674
2020-06-08,427
2020-06-09,332
2020-06-10,344
2020-06-11,359
2020-06-12,350
2020-06-13,877
2020-06-14,647
2020-06-15,397
2020-06-16,341
2020-06-17,339
2020-06-18,345
2020-06-19,347
2020-06-20,671
2020-06-21,606
2020-06-22,409
2020-06-23,322
2020-06-24,308
2020-06-25,379
2020-06-26,395
2020-06-27,830
2020-06-28,701
2020-06-29,355
2020-06-30,353
2020-07-01,352
2020-07-02,350
2020-07-03,356
2020-07-04,890
2020-07-05,775
2020-07-06,540
2020-07-07,452
2020-07-08,484
2020-07-09,496
2020-07-10,491
2020-07-11,983
2020-07-12,863
2020-07-13,579
2020-07-14,561
2020-07-15,533
2020-07-16,633
2020-07-17,583
2020-07-18,1152
2020-07-19,857
2020-07-20,672
2020-07-21,593
2020-07-22,599
2020-07-23,601
2020-07-24,646
2020-07-25,1104
2020-07-26,925
2020-07-27,717
2020-07-28,545
2020-07-29,615
2020-07-30,628
2020-07-31,605
2020-08-01,1011
2020-08-02,995
2020-08-03,723
2020-08-04,703
2020-08-05,710
2020-08-06,651
2020-08-07,643
2020-08-08,1089
2020-08-09,1095
2020-08-10,895
2020-08-11,674
2020-08-12,636
2020-08-13,647
2020-08-14,656
2020-08-15,1208
2020-08-16,1111
2020-08-17,821
2020-08-18,707
2020-08-19,627
2020-08-20,572
2020-08-21,698
2020-08-22,1066
2020-08-23,1078
2020-08-24,775
2020-08-25,603
2020-08-26,622
2020-08-27,579
2020-08-28,602
2020-08-29,1113
2020-08-30,1141
2020-08-31,1208
2020-09-01,721
2020-09-02,625
2020-09-03,670
2020-09-04,555
2020-09-05,1180
2020-09-06,1057
2020-09-07,754
2020-09-08,652
2020-09-09,489
2020-09-10,655
2020-09-11,689
2020-09-12,1202
2020-09-13,1150
2020-09-14,1091
2020-09-15,824
2020-09-16,688
2020-09-17,682
2020-09-18,659
2020-09-19,1129
2020-09-20,1015
2020-09-21,805
2020-09-22,680
2020-09-23,649
2020-09-24,571
2020-09-25,508
2020-09-26,1022
2020-09-27,864
2020-09-28,716
2020-09-29,529
2020-09-30,474
2020-10-01,333
2020-10-02,497
2020-10-03,984
2020-10-04,879
2020-10-05,602
2020-10-06,518
2020-10-07,511
2020-10-08,553
2020-10-09,499
2020-10-10,925
2020-10-11,898
2020-10-12,561
2020-10-13,497
2020-10-14,341
2020-10-15,442
2020-10-16,497
2020-10-17,820
2020-10-18,786
2020-10-19,565
2020-10-20,531
2020-10-21,516
2020-10-22,497
2020-10-23,482
2020-10-24,964
2020-10-25,773
2020-10-26,585
2020-10-27,476
2020-10-28,508
2020-10-29,466
2020-10-30,449
2020-10-31,885
2020-11-01,789
2020-11-02,532
2020-11-03,429
2020-11-04,426
2020-11-05,448
2020-11-06,501
2020-11-07,824
2020-11-08,807
2020-11-09,541
2020-11-10,485
2020-11-11,480
2020-11-12,447
2020-11-13,489
2020-11-14,937
2020-11-15,827
2020-11-16,539
2020-11-17,448
2020-11-18,416
2020-11-19,448
2020-11-20,476
2020-11-21,903
2020-11-22,662
2020-11-23,465
2020-11-24,349
2020-11-25,323
2020-11-26,283
2020-11-27,289
2020-11-28,529
2020-11-29,321
2020-11-30,268
2020-12-01,284
2020-12-02,328
2020-12-03,339
2020-12-04,403
2020-12-05,791
2020-12-06,672
2020-12-07,522
2020-12-08,538
2020-12-09,516
2020-12-10,492
2020-12-11,498
2020-12-12,950
2020-12-13,862
2020-12-14,577
2020-12-15,484
2020-12-16,450
2020-12-17,433
2020-12-18,463
2020-12-19,871
2020-12-20,692
2020-12-21,502
2020-12-22,481
2020-12-23,397
2020-12-24,375
2020-12-25,497
2020-12-26,896
2020-12-27,1080
2020-12-28,1237
2020-12-29,457
2020-12-30,462
2020-12-31,450
2021-01-01,847
2021-01-02,988
2021-01-03,760
2021-01-04,523
2021-01-05,336
2021-01-06,362
2021-01-07,341
2021-01-08,414
2021-01-09,769
2021-01-10,644
2021-01-11,438
2021-01-12,338
2021-01-13,368
2021-01-14,391
2021-01-15,386
2021-01-16,745
2021-01-17,604
2021-01-18,379
2021-01-19,376
2021-01-20,365
2021-01-21,348
2021-01-22,364
2021-01-23,766
2021-01-24,604
2021-01-25,358
2021-01-26,327
2021-01-27,361
2021-01-28,353
2021-01-29,380
2021-01-30,770
2021-01-31,610
2021-02-01,430
2021-02-02,420
2021-02-03,293
2021-02-04,227
2021-02-05,301
2021-02-06,502
2021-02-07,432
2021-02-08,304
2021-02-09,295
2021-02-10,261
2021-02-11,255
2021-02-12,240
2021-02-13,546
2021-02-14,456
2021-02-15,272
2021-02-16,236
2021-02-17,216
2021-02-18,187
2021-02-19,261
2021-02-20,675
2021-02-21,525
2021-02-22,300
2021-02-23,243
2021-02-24,280
2021-02-25,320
2021-02-26,413
2021-02-27,811
2021-02-28,682
2021-03-01,487
2021-03-02,342
2021-03-03,376
2021-03-04,412
2021-03-05,241
2021-03-06,838
2021-03-07,676
2021-03-08,446
2021-03-09,383
2021-03-10,428
2021-03-11,414
2021-03-12,455
2021-03-13,876
2021-03-14,692
2021-03-15,510
2021-03-16,488
2021-03-17,485
2021-03-18,494
2021-03-19,470
2021-03-20,890
2021-03-21,850
2021-03-22,552
2021-03-23,477
2021-03-24,520
2021-03-25,474
2021-03-26,490
2021-03-27,835
2021-03-28,813
2021-03-29,611
2021-03-30,460
2021-03-31,502
2021-04-01,515
2021-04-01,515
2021-04-02,1051
2021-04-02,1051
2021-04-03,954
2021-04-03,954
2021-04-04,910
2021-04-04,910
2021-04-05,895
2021-04-06,570
2021-04-07,492
2021-04-08,478
2021-04-09,473
2021-04-10,887
2021-04-11,838
2021-04-12,584
2021-04-13,554
2021-04-14,538
2021-04-15,551
2021-04-16,524
2021-04-17,992
2021-04-18,900
2021-04-19,624
2021-04-20,310
2021-04-21,513
2021-04-22,496
2021-04-23,552
2021-04-24,1007
2021-04-25,819
2021-04-26,614
2021-04-27,580
2021-04-28,551
2021-04-29,503
2021-04-30,539
2021-05-01,1078
2021-05-02,998
2021-05-03,954
2021-05-04,589
2021-05-05,533
2021-05-06,591
2021-05-07,598
2021-05-08,996
2021-05-09,902
2021-05-10,691
2021-05-11,632
2021-05-12,598
2021-05-13,494
2021-05-14,586
2021-05-15,1001
2021-05-16,929
2021-05-17,690
2021-05-18,680
2021-05-19,622
2021-05-20,598
2021-05-21,536
2021-05-22,954
2021-05-23,898
2021-05-24,609
2021-05-25,589
2021-05-26,619
2021-05-27,608
2021-05-28,512
2021-05-29,1127
2021-05-30,1052
2021-05-31,1018
2021-06-01,810
2021-06-02,752
2021-06-03,549
2021-06-04,573
2021-06-05,1085
2021-06-06,960
2021-06-07,643
2021-06-08,567
2021-06-09,612
2021-06-10,529
2021-06-11,511
2021-06-12,932
2021-06-13,936
2021-06-14,756
2021-06-15,652
2021-06-16,681
2021-06-17,617
2021-06-18,643
2021-06-19,1137
2021-06-20,1207
2021-06-21,742
2021-06-22,563
2021-06-23,517
2021-06-24,516
2021-06-25,546
2021-06-26,884
2021-06-27,774
2021-06-28,600
2021-06-29,627
2021-06-30,495
2021-07-01,621
2021-07-02,469
2021-07-03,916
2021-07-04,880
2021-07-05,641
2021-07-06,570
2021-07-07,610
2021-07-08,642
2021-07-09,588
2021-07-10,1167
2021-07-11,1007
2021-07-12,816
2021-07-13,743
2021-07-14,702
2021-07-15,707
2021-07-16,665
2021-07-17,1049
2021-07-18,1055
2021-07-19,870
2021-07-20,745
2021-07-21,765
2021-07-22,611
2021-07-23,724
2021-07-24,1301
2021-07-25,1262
2021-07-26,860
2021-07-27,679
2021-07-28,625
2021-07-29,580
2021-07-30,560
2021-07-31,1058
2021-08-01,1103
2021-08-02,793
2021-08-03,629
2021-08-04,625
2021-08-05,592
2021-08-06,563
2021-08-07,972
2021-08-08,938
2021-08-09,681
2021-08-10,665
2021-08-11,599
2021-08-12,565
2021-08-13,612
2021-08-14,1089
2021-08-15,994
2021-08-16,774
2021-08-17,672
2021-08-18,635
2021-08-19,628
2021-08-20,657
2021-08-21,1088
2021-08-22,1057
2021-08-23,640
2021-08-24,675
2021-08-25,661
2021-08-26,632
2021-08-27,652
2021-08-28,941
2021-08-29,1017
2021-08-30,1067
2021-08-31,660
2021-09-01,618
2021-09-02,594
2021-09-03,591
2021-09-04,797
2021-09-05,896
2021-09-06,665
2021-09-07,594
2021-09-08,532
2021-09-09,658
2021-09-10,623
2021-09-11,928
2021-09-12,1041
2021-09-13,604
2021-09-14,719
2021-09-15,670
2021-09-16,503
2021-09-17,507
2021-09-18,939
2021-09-19,890
2021-09-20,633
2021-09-21,616
2021-09-22,532
2021-09-23,509
2021-09-24,528
2021-09-25,1041
2021-09-26,914
2021-09-27,597
2021-09-28,447
2021-09-29,484
2021-09-30,438
2021-10-01,478
2021-10-02,1014
2021-10-03,882
2021-10-04,608
2021-10-05,476
2021-10-06,445
2021-10-07,1062
2021-10-08,917
2021-10-09,525
2021-10-10,486
2021-10-11,673
2021-10-12,555
2021-10-13,434
2021-10-14,473
2021-10-15,431
2021-10-16,989
2021-10-17,872
2021-10-18,615
2021-10-19,586
2021-10-20,533
2021-10-21,481
2021-10-22,499
2021-10-23,1007
2021-10-24,939
2021-10-25,645
2021-10-26,554
2021-10-27,543
2021-10-28,444
2021-10-29,514
2021-10-30,844
2021-10-31,813
2021-11-01,543
2021-11-02,456
2021-11-03,365
2021-11-04,480
2021-11-05,426
2021-11-06,913
2021-11-07,747
2021-11-08,601
2021-11-09,471
2021-11-10,447
2021-11-11,448
2021-11-12,380
2021-11-13,809
2021-11-14,840
2021-11-15,539
2021-11-16,294
2021-11-17,420
2021-11-18,472
2021-11-19,423
2021-11-20,801
2021-11-21,666
2021-11-22,504
2021-11-23,430
2021-11-24,453
2021-11-25,449
2021-11-26,513
2021-11-27,883
2021-11-28,858
2021-11-29,588
2021-11-30,458
2021-12-01,469
2021-12-02,470
2021-12-03,454
2021-12-04,878
2021-12-05,804
2021-12-06,504
2021-12-07,453
2021-12-08,409
2021-12-09,502
2021-12-10,396
2021-12-11,804
2021-12-12,788
2021-12-13,554
2021-12-14,481
2021-12-15,446
2021-12-16,428
2021-12-17,439
2021-12-18,911
2021-12-19,760
2021-12-20,508
2021-12-21,433
2021-12-22,449
2021-12-23,443
2021-12-24,465
2021-12-25,481
2021-12-26,979
2021-12-27,1481
2021-12-28,1407
2021-12-29,636
2021-12-30,552
2021-12-31,443
2022-01-01,914
2022-01-02,982
2022-01-03,1066
2022-01-04,560
2022-01-05,419
2022-01-06,370
2022-01-07,418
2022-01-08,812
2022-01-09,655
2022-01-10,434
2022-01-11,442
2022-01-12,400
2022-01-13,391
2022-01-14,365
2022-01-15,697
2022-01-16,620
2022-01-17,417
2022-01-18,339
2022-01-19,413
2022-01-20,373
2022-01-21,404
2022-01-22,762
2022-01-23,635
2022-01-24,452
2022-01-25,437
2022-01-26,410
2022-01-27,385
2022-01-28,359
2022-01-29,842
2022-01-30,676
2022-02-07,544
2022-02-08,467
2022-02-09,408
2022-02-10,478
2022-02-11,414
2022-02-12,734
2022-02-13,743
2022-02-14,521
2022-02-15,541
2022-02-16,543
2022-02-17,438
2022-02-18,412
2022-02-19,786
2022-02-20,715
2022-02-21,504
2022-02-22,510
2022-02-23,477
2022-02-24,373
2022-02-25,368
2022-02-26,837
2022-02-27,749
2022-02-28,378
2022-03-01,387
2022-03-02,425
2022-03-03,391
2022-03-04,439
2022-03-05,772
2022-03-06,716
2022-03-07,431
2022-03-08,438
2022-03-09,717
2022-03-10,450
2022-03-11,468
2022-03-12,752
2022-03-13,417
2022-03-14,513
2022-03-15,462
2022-03-16,424
2022-03-17,432
2022-03-18,457
2022-03-19,723
2022-03-20,710
2022-03-21,550
2022-03-22,500
2022-03-23,432
2022-03-24,502
2022-03-25,485
2022-03-26,722
2022-03-27,635
2022-03-28,536
2022-03-29,473
2022-03-30,496
2022-03-31,461
2022-04-01,446
2022-04-02,647
2022-04-03,657
2022-04-04,607
2022-04-05,498
2022-04-06,528
2022-04-07,485
2022-04-08,477
2022-04-09,958
2022-04-10,908
2022-04-11,623
2022-04-12,602
2022-04-13,549
2022-04-14,593
2022-04-15,1420
2022-04-16,1262
2022-04-17,1067
2022-04-18,1025
2022-04-19,688
2022-04-20,502
2022-04-21,520
2022-04-22,479
2022-04-23,1032
2022-04-24,847
2022-04-25,595
2022-04-26,445
2022-04-27,471
2022-04-28,433
2022-04-29,440
2022-04-30,868
2022-05-01,848
2022-05-02,880
2022-05-03,561
2022-05-04,445
2022-05-05,437
2022-05-06,442
2022-05-07,838
2022-05-08,710
2022-05-09,482
2022-05-10,484
2022-05-11,412
2022-05-12,380
2022-05-13,428
2022-05-14,965
2022-05-15,794
2022-05-16,539
2022-05-17,478
2022-05-18,452
2022-05-19,434
2022-05-20,474
2022-05-21,1018
2022-05-22,773
2022-05-23,515
2022-05-24,433
2022-05-25,455
2022-05-26,379
2022-05-27,452
2022-05-28,861
2022-05-29,944
2022-05-30,621
2022-05-31,564
2022-06-01,589
2022-06-02,1199
2022-06-03,1104
2022-06-04,1064
2022-06-05,827
2022-06-06,337
2022-06-07,453
2022-06-08,477
2022-06-09,443
2022-06-10,477
2022-06-11,839
2022-06-12,796
2022-06-13,452
2022-06-14,450
2022-06-15,487
2022-06-16,447
2022-06-17,446
2022-06-18,897
2022-06-19,802
2022-06-20,544
2022-06-21,511
2022-06-22,526
2022-06-23,526
2022-06-24,574
2022-06-25,968
2022-06-26,905
2022-06-27,567
2022-06-28,569
2022-06-29,518
2022-06-30,545
2022-07-01,515
2022-07-02,968
2022-07-03,999
2022-07-04,730
2022-07-05,592
2022-07-06,514
2022-07-07,526
2022-07-08,536
2022-07-09,1027
2022-07-10,966
2022-07-11,661
2022-07-12,654
2022-07-13,583
2022-07-14,487
2022-07-15,530
2022-07-16,1000
2022-07-17,890
2022-07-18,652
2022-07-19,625
2022-07-20,568
2022-07-21,557
2022-07-22,563
2022-07-23,1064
2022-07-24,1066
2022-07-25,620
2022-07-26,550
2022-07-27,585
2022-07-28,613
2022-07-29,514
2022-07-30,987
2022-07-31,973
2022-08-01,669
2022-08-02,602
2022-08-03,595
2022-08-04,588
2022-08-05,514
2022-08-06,932
2022-08-07,806
2022-08-08,644
2022-08-09,604
2022-08-10,531
2022-08-11,497
2022-08-12,527
2022-08-13,992
2022-08-14,1042
2022-08-15,730
2022-08-16,661
2022-08-17,603
2022-08-18,572
2022-08-19,542
2022-08-20,840
2022-08-21,785
2022-08-22,568
2022-08-23,549
2022-08-24,555
2022-08-25,479
2022-08-26,454
2022-08-27,896
2022-08-28,893
2022-08-29,875
2022-08-30,548
2022-08-31,526
2022-09-01,451
2022-09-02,470
2022-09-03,712
2022-09-04,178
2022-09-05,505
2022-09-06,476
2022-09-07,398
2022-09-08,396
2022-09-09,417
2022-09-10,857
2022-09-11,816
2022-09-12,585
2022-09-13,488
2022-09-14,452
2022-09-15,448
2022-09-16,438
2022-09-17,916
2022-09-18,790
2022-09-19,681
2022-09-20,535
2022-09-21,480
2022-09-22,480
2022-09-23,466
2022-09-24,859
2022-09-25,754
2022-10-03,494
2022-10-04,487
2022-10-05,411
2022-10-06,414
2022-10-07,466
2022-10-08,873
2022-10-09,758
2022-10-10,483
2022-10-11,423
2022-10-12,481
2022-10-13,418
2022-10-14,457
2022-10-15,828
2022-10-16,814
2022-10-17,489
2022-10-18,455
2022-10-19,463
2022-10-20,421
2022-10-21,503
2022-10-22,931
2022-10-23,865
2022-10-24,630
2022-10-25,532
2022-10-26,434
2022-10-27,391
2022-10-28,468
2022-10-29,848
2022-10-30,766
2022-10-31,462
2022-11-01,373
2022-11-02,383
2022-11-03,343
2022-11-04,326
2022-11-05,760
2022-11-06,691
2022-11-07,446
2022-11-08,391
2022-11-09,378
2022-11-10,381
2022-11-11,420
2022-11-12,910
2022-11-13,804
2022-11-14,561
2022-11-15,439
2022-11-16,364
2022-11-17,413
2022-11-18,444
2022-11-19,873
2022-11-20,898
2022-11-21,494
2022-11-22,424
2022-11-23,447
2022-11-24,347
2022-11-25,475
2022-11-26,980
2022-11-27,865
2022-11-28,492
2022-11-28,0
2022-11-29,292
2022-11-29,0
2022-11-30,107
2022-11-30,316
2022-12-01,0
2022-12-01,433
2022-12-02,466
2022-12-02,0
2022-12-03,1117
2022-12-03,0
2022-12-04,0
2022-12-04,1069
2022-12-05,926
2022-12-06,910
2022-12-07,678
2022-12-08,890
2022-12-09,790
2022-12-10,1920
2022-12-11,2043
2022-12-12,983
2022-12-13,926
2022-12-14,890
2022-12-15,920
2022-12-16,680
2022-12-17,2262
2022-12-18,1864
2022-12-19,1105
2022-12-20,855
2022-12-21,839
2022-12-22,791
2022-12-23,850
2022-12-24,1814
2022-12-25,1338
2022-12-26,1997
2022-12-27,2124
2022-12-28,958
2022-12-29,815
2022-12-30,802
2022-12-31,1613
2023-01-01,1419
2023-01-02,1695
2023-01-03,784
2023-01-04,618
2023-01-05,577
2023-01-06,580
2023-01-07,1194
2023-01-08,973
2023-01-09,565
2023-01-10,560
2023-01-11,510
2023-01-12,294
2023-01-13,519
2023-01-14,967
2023-01-15,863
2023-01-16,565
2023-01-17,540
2023-01-18,549
2023-01-19,554
2023-01-20,590
2023-01-21,1141
2023-01-22,1119
2023-01-23,669
2023-01-24,518
2023-01-25,524
2023-01-26,511
2023-01-27,606
2023-01-28,1107
2023-01-29,1097
2023-01-30,672
2023-01-31,585
2023-02-01,592
2023-02-02,593
2023-02-03,439
2023-02-04,1375
2023-02-05,1238
2023-02-06,734
2023-02-07,672
2023-02-08,655
2023-02-09,606
2023-02-10,605
2023-02-11,1264
2023-02-12,1201
2023-02-13,743
2023-02-14,623
2023-02-15,597
2023-02-16,662
2023-02-17,746
2023-02-18,1420
2023-02-19,1316
2023-02-20,721
2023-02-21,660
2023-02-22,663
2023-02-23,535
2023-02-24,621
2023-02-25,1041
2023-02-26,973
2023-03-06,597
2023-03-07,569
2023-03-08,541
2023-03-09,513
2023-03-10,506
2023-03-11,1124
2023-03-12,959
2023-03-20,656
2023-03-21,532
2023-03-22,517
2023-03-23,507
2023-03-24,582
2023-03-25,1199
2023-03-26,975
2023-03-27,673
2023-03-28,600
2023-03-29,555
2023-03-30,623
2023-03-31,550
2023-04-01,1401
2023-04-02,1096
2023-04-03,631
2023-04-04,565
2023-04-05,454
2023-04-06,639
2023-04-07,1294
2023-04-08,1366
2023-04-09,1068
2023-04-10,1196
2023-04-11,649
2023-04-12,524
2023-04-13,562
2023-04-14,571
2023-04-15,1079
2023-04-16,982
2023-04-17,591
2023-04-18,557
2023-04-19,480
2023-04-20,429
2023-04-21,473
2023-04-22,995
2023-04-23,852
2023-04-24,545
2023-04-25,498
2023-04-26,453
2023-04-27,456
2023-04-28,540
2023-04-29,1115
2023-04-30,1105
2023-05-01,980
2023-05-02,594
2023-05-03,496
2023-05-04,550
2023-05-05,446
2023-05-06,861
2023-05-07,939
2023-05-08,933
2023-05-09,701
2023-05-10,483
2023-05-11,440
2023-05-12,498
2023-05-13,876
2023-05-14,805
2023-05-15,520
2023-05-16,502
2023-05-17,456
2023-05-18,418
2023-05-19,528
2023-05-20,733
2023-05-21,598
2023-05-22,606
2023-05-23,519
2023-05-24,459
2023-05-25,441
2023-05-26,515
2023-05-27,891
2023-05-28,975
2023-05-29,884
2023-05-30,567
2023-05-31,598
2023-06-01,532
2023-06-02,495
2023-06-03,801
2023-06-04,731
2023-06-05,571
2023-06-06,540
2023-06-07,498
2023-06-08,508
2023-06-09,523
2023-06-10,835
2023-06-11,860
2023-06-12,638
2023-06-13,562
2023-06-14,557
2023-06-15,520
2023-06-16,573
2023-06-17,1136
2023-06-18,1058
2023-06-19,668
2023-06-20,570
2023-06-21,579
2023-06-22,506
2023-06-23,520
2023-06-24,1009
2023-06-25,954
2023-06-26,606
2023-06-27,644
2023-06-28,573
2023-06-29,472
2023-06-30,530
2023-07-01,956
2023-07-02,642
2023-07-03,633
2023-07-04,554
2023-07-05,539
2023-07-06,501
2023-07-07,546
2023-07-08,1067
2023-07-09,988
2023-07-10,661
2023-07-11,658
2023-07-12,594
2023-07-13,568
2023-07-14,524
2023-07-15,1133
2023-07-16,940
2023-07-17,593
2023-07-18,599
2023-07-19,555
2023-07-20,515
2023-07-21,549
2023-07-22,1094
2023-07-23,913
2023-07-24,728
2023-07-25,627
2023-07-26,659
2023-07-27,567
2023-07-28,569
2023-07-29,1120
2023-07-30,1034
2023-07-31,734
2023-08-01,670
2023-08-02,582
2023-08-03,574
2023-08-04,515
2023-08-05,1177
2023-08-06,940
2023-08-07,657
2023-08-08,578
2023-08-09,594
2023-08-10,535
2023-08-11,615
2023-08-12,1071
2023-08-13,952
2023-08-14,617
2023-08-15,724
2023-08-16,582
2023-08-17,561
2023-08-18,540
2023-08-19,1103
2023-08-20,974
2023-08-21,710
2023-08-22,617
2023-08-23,579
2023-08-24,574
2023-08-25,558
2023-08-26,1078
2023-08-27,1101
2023-08-28,1101
2023-08-29,646
2023-08-30,566
2023-08-31,470
2023-09-01,502
2023-09-02,1038
2023-09-03,892
2023-09-04,643
2023-09-05,606
2023-09-06,568
2023-09-07,504
2023-09-08,568
2023-09-09,1099
2023-09-10,980
2023-09-11,640
2023-09-12,501
2023-09-13,507
2023-09-14,522
2023-09-15,584
2023-09-16,1059
2023-09-17,896
2023-09-18,610
2023-09-19,539
2023-09-20,466
2023-09-21,448
2023-09-22,461
2023-09-23,918
2023-09-24,816
2023-09-25,551
2023-09-26,489
2023-09-27,428
2023-09-28,485
2023-09-29,538
2023-09-30,1022
2023-10-01,920
2023-10-02,609
2023-10-03,520
2023-10-04,491
2023-10-05,486
2023-10-06,560
2023-10-07,1033
2023-10-08,914
2023-10-09,568
2023-10-10,513
2023-10-11,517
2023-10-12,468
2023-10-13,504
2023-10-14,883
2023-10-15,817
2023-10-16,474
2023-10-17,480
2023-10-18,464
2023-10-19,476
2023-10-20,489
2023-10-21,959
2023-10-22,911
2023-10-23,515
2023-10-24,496
2023-10-25,461
2023-10-26,447
2023-10-27,509
2023-10-28,928
2023-10-29,878
2023-10-30,505
2023-10-31,396
2023-11-01,492
2023-11-02,423
2023-11-03,473
2023-11-04,1008
2023-11-05,730
2023-11-06,546
2023-11-07,502
2023-11-08,487
2023-11-09,465
2023-11-10,471
2023-11-11,941
2023-11-12,869
2023-11-13,507
2023-11-14,563
2023-11-15,458
2023-11-16,471
2023-11-17,460
2023-11-18,1057
2023-11-19,919
2023-11-20,605
2023-11-21,474
2023-11-22,500
2023-11-23,431
2023-11-24,536
2023-11-25,1071
2023-11-26,1002
2023-11-27,578
2023-11-28,534
2023-11-29,448
2023-11-30,408
2023-12-01,443
2023-12-02,954
2023-12-03,982
2023-12-04,613
2023-12-05,503
2023-12-06,378
2023-12-07,416
2023-12-08,492
2023-12-09,1164
2023-12-10,1008
2023-12-11,584
2023-12-12,517
2023-12-13,485
2023-12-14,488
2023-12-15,441
2023-12-16,1081
2023-12-17,991
2023-12-18,532
2023-12-19,481
2023-12-20,405
2023-12-21,421
2023-12-22,511
2023-12-23,1241
2023-12-24,1241
2023-12-25,701
2023-12-26,1067
2023-12-27,540
2023-12-28,511
2023-12-29,575
2023-12-30,1393
2023-12-31,1176
2024-01-01,1051
2024-01-02,616
2024-01-03,546
2024-01-04,484
2024-01-05,516
2024-01-06,1029
2024-01-07,952
2024-01-08,457
2024-01-09,486
2024-01-10,449
2024-01-11,401
2024-01-12,421
2024-01-13,914
2024-01-14,977
2024-01-15,521
2024-01-16,486
2024-01-17,503
2024-01-18,467
2024-01-19,486
2024-01-20,1057
2024-01-21,1063
2024-01-22,676
2024-01-23,575
2024-01-24,526
2024-01-25,457
2024-01-26,481
2024-01-27,1116
2024-01-28,1019
2024-01-29,611
2024-01-30,452
2024-01-31,535
2024-02-01,516
2024-02-02,509
2024-02-03,1108
2024-02-04,1074
2024-02-05,611
2024-02-06,497
2024-02-07,514
2024-02-08,516
2024-02-09,479
2024-02-10,1214
2024-02-11,1051
2024-02-12,578
2024-02-13,492
2024-02-14,533
2024-02-15,500
2024-02-16,490
2024-02-17,1058
2024-02-18,1000
2024-02-19,492
2024-02-20,479
2024-02-21,502
2024-02-22,504
2024-02-23,489
2024-02-24,1053
2024-02-25,913
2024-02-26,473
2024-02-27,441
2024-02-28,443
2024-02-29,430
2024-03-01,490
2024-03-02,1120
2024-03-03,981
2024-03-04,556
2024-03-05,493
2024-03-06,462
2024-03-07,437
2024-03-08,554
2024-03-09,1100
2024-03-10,967
2024-03-11,578
2024-03-12,545
2024-03-13,496
2024-03-14,480
2024-03-15,493
2024-03-16,1029
2024-03-17,1095
2024-03-18,573
2024-03-19,529
2024-03-20,530
2024-03-21,495
2024-03-22,501
2024-03-23,947
2024-03-24,913
2024-03-25,643
2024-03-26,433
2024-03-27,521
2024-03-28,530
2024-03-29,1223
2024-03-30,1377
2024-03-31,1087
2024-04-01,1088
2024-04-02,512
2024-04-03,503
2024-04-04,440
2024-04-05,471
2024-04-06,923
2024-04-07,840
2024-04-08,507
2024-04-09,438
2024-04-10,456
2024-04-11,416
2024-04-12,375
2024-04-13,801
2024-04-14,746
2024-04-15,477
2024-04-16,425
2024-04-17,368
2024-04-18,285
2024-04-19,357
2024-04-20,766
2024-04-21,675
2024-04-22,388
2024-04-23,344
2024-04-24,331
2024-04-25,365
2024-04-26,364
2024-04-27,754
2024-04-28,768
2024-04-29,377
2024-04-30,347
2024-05-01,412
2024-05-02,338
2024-05-03,386
2024-05-04,877
2024-05-05,997
2024-05-06,742
2024-05-07,436
2024-05-08,393
2024-05-09,364
2024-05-10,356
2024-05-11,742
2024-05-12,723
2024-05-13,437
2024-05-14,425
2024-05-15,403
2024-05-16,373
2024-05-17,436
2024-05-18,857
2024-05-19,773
2024-05-20,472
2024-05-21,419
2024-05-22,395
2024-05-23,440
2024-05-24,492
2024-05-25,868
2024-05-26,1002
2024-05-27,901
2024-05-28,573
2024-05-29,480
2024-05-30,479
2024-05-31,479
2024-06-01,829
2024-06-02,767
2024-06-03,483
2024-06-04,430
2024-06-05,441
2024-06-06,438
2024-06-07,426
2024-06-08,926
2024-06-09,777
2024-06-10,500
2024-06-11,440
2024-06-12,420
2024-06-13,398
2024-06-14,423
2024-06-15,875
2024-06-16,797
2024-06-17,460
2024-06-18,423
2024-06-19,441
2024-06-20,423
2024-06-21,441
2024-06-22,888
2024-06-23,793
2024-06-24,491
2024-06-25,462
2024-06-26,444
2024-06-27,445
2024-06-28,451
2024-06-29,954
2024-06-30,755
2024-07-01,500
2024-07-02,511
2024-07-03,466
2024-07-04,398
2024-07-05,417
2024-07-06,891
2024-07-07,725
2024-07-08,514
2024-07-09,479
2024-07-10,388
2024-07-11,452
2024-07-12,479
2024-07-13,971
2024-07-14,791
2024-07-15,568
2024-07-16,457
2024-07-17,476
2024-07-18,460
2024-07-19,587
2024-07-20,1056
2024-07-21,859
2024-07-22,556
2024-07-23,493
2024-07-24,434
2024-07-25,457
2024-07-26,456
2024-07-27,1014
2024-07-28,822
2024-07-29,515
2024-07-30,460
2024-07-31,493
2024-08-01,480
2024-08-02,459
2024-08-03,896
2024-08-04,784
2024-08-05,569
2024-08-06,472
2024-08-07,558
2024-08-08,484
2024-08-09,423
2024-08-10,900
2024-08-11,691
2024-08-12,490
2024-08-13,462
2024-08-14,458
2024-08-15,463
2024-08-16,462
2024-08-17,857
2024-08-18,927
2024-08-19,501
2024-08-20,474
2024-08-21,436
2024-08-22,456
2024-08-23,431
2024-08-24,936
2024-08-25,978
2024-08-26,972
2024-08-27,558
2024-08-28,472
2024-08-29,452
2024-08-30,434
2024-08-31,874
2024-09-01,808
2024-09-02,411
2024-09-03,399
2024-09-04,389
2024-09-05,382
2024-09-06,416
2024-09-07,852
2024-09-08,642
2024-09-09,410
2024-09-10,400
2024-09-11,381
2024-09-12,369
2024-09-13,389
2024-09-14,813
2024-09-15,794
2024-09-16,568
2024-09-17,437
2024-09-18,495
2024-09-19,470
2024-09-20,475
2024-09-21,977
2024-09-22,797
2024-09-23,468
2024-09-24,442
2024-09-25,452
2024-09-26,403
2024-09-27,422
2024-09-28,822
2024-09-29,691
2024-09-30,477
2024-10-01,486
2024-10-02,493
2024-10-03,411
2024-10-04,432
2024-10-05,893
2024-10-06,863
2024-10-07,464
2024-10-08,463
2024-10-09,445
2024-10-10,422
2024-10-11,470
2024-10-12,931
2024-10-13,764
2024-10-14,480
2024-10-15,442
2024-10-16,474
2024-10-17,442
2024-10-18,505
2024-10-19,892
2024-10-20,820
2024-10-21,531
2024-10-22,455
2024-10-23,460
2024-10-24,388
2024-10-25,478
2024-10-26,1019
2024-10-27,912
2024-10-28,550
2024-10-29,518
2024-10-30,452
2024-10-31,407
2024-11-01,480
2024-11-02,851
2024-11-03,847
2024-11-04,453
2024-11-05,419
2024-11-06,444
2024-11-07,447
2024-11-08,441
2024-11-09,1047
2024-11-10,850
2024-11-11,487
2024-11-12,421
2024-11-13,460
2024-11-14,466
2024-11-15,496
2024-11-16,969
2024-11-17,883
2024-11-18,483
2024-11-19,413
2024-11-20,473
2024-11-21,431
2024-11-22,386
2024-11-23,913
2024-11-24,866
2024-11-25,551
2024-11-26,477
2024-11-27,460
2024-11-28,421
2024-11-29,449
2024-11-30,1018
2024-12-01,1025
2024-12-02,476
2024-12-03,468
2024-12-04,463
2024-12-05,477
2024-12-06,455
2024-12-07,952
2024-12-08,969
2024-12-09,528
2024-12-10,437
2024-12-11,438
2024-12-12,472
2024-12-13,500
2024-12-14,1021
2024-12-15,1049
2024-12-16,605
2024-12-17,495
2024-12-18,526
2024-12-19,526
2024-12-20,549
2024-12-21,1208
2024-12-22,1076
2024-12-23,593
2024-12-24,576
2024-12-25,690
2024-12-26,1165
2024-12-27,744
2024-12-28,1482
2024-12-29,1335
2024-12-30,693
2024-12-31,518
2025-01-01,999
2025-01-02,614
2025-01-03,511
2025-01-04,1211
2025-01-05,1014
2025-01-06,563
2025-01-07,466
2025-01-08,408
2025-01-09,436
2025-01-10,469
2025-01-11,960
2025-01-12,837
2025-01-13,404
2025-01-14,423
2025-01-15,418
2025-01-16,428
2025-01-17,458
2025-01-18,901
2025-01-19,928
2025-01-20,452
2025-01-21,424
2025-01-22,419
2025-01-23,446
2025-01-24,436
2025-01-25,987
2025-01-26,887
2025-01-27,459
2025-01-28,449
2025-01-29,470
2025-01-30,438
2025-01-31,444
2025-02-01,847
2025-02-02,786
2025-02-03,509
2025-02-04,396
2025-02-05,432
2025-02-06,417
2025-02-07,423
2025-02-08,896
2025-02-09,836
2025-02-10,482
2025-02-11,446
2025-02-12,477
2025-02-13,424
2025-02-14,414
2025-02-15,940
2025-02-16,891
2025-02-17,549
2025-02-18,456
2025-02-19,441
2025-02-20,504
2025-02-21,448
2025-02-22,1045
2025-02-23,914
2025-02-24,348
2025-02-25,440
2025-02-26,411
2025-02-27,407
2025-02-28,419
2025-03-01,963
2025-03-02,884
2025-03-03,435
2025-03-04,434
2025-03-05,392
2025-03-06,418
2025-03-07,392
2025-03-08,957
2025-03-09,802
2025-03-10,476
2025-03-11,430
2025-03-12,437
2025-03-13,378
2025-03-14,441
2025-03-15,895
2025-03-16,748
2025-03-17,468
2025-03-18,449
2025-03-19,435
2025-03-20,435
2025-03-21,500
2025-03-22,1039
2025-03-23,919
2025-03-24,507
2025-03-25,541
2025-03-26,472
2025-03-27,451
2025-03-28,457
2025-03-29,946
2025-03-30,831
2025-03-31,525
2025-04-01,392
2025-04-02,462
2025-04-03,477
2025-04-04,482
2025-04-05,932
2025-04-06,910
2025-04-07,538
2025-04-08,534
2025-04-09,547
2025-04-10,507
2025-04-11,538
2025-04-12,1126
2025-04-13,942
2025-04-14,594
2025-04-15,504
2025-04-16,464
2025-04-17,519
2025-04-18,1307
2025-04-19,1165
2025-04-20,1036
2025-04-21,1045
2025-04-22,535
2025-04-23,487
2025-04-24,501
2025-04-25,456
2025-04-26,992
2025-04-27,893
2025-04-28,493
2025-04-29,421
2025-04-30,442
2025-05-01,483
2025-05-02,504
2025-05-03,1105
2025-05-04,1006
2025-05-05,950
2025-05-06,446
2025-05-07,395
2025-05-08,420
2025-05-09,478
2025-05-10,954
2025-05-11,773
2025-05-12,542
2025-05-13,470
2025-05-14,437
2025-05-15,518
2025-05-16,509
2025-05-17,957
2025-05-18,817
2025-05-19,484
2025-05-20,463
2025-05-21,426
2025-05-22,375
2025-05-23,387
2025-05-24,693
2025-05-25,802
2025-05-26,764
2025-05-27,523
2025-05-28,436
2025-05-29,454
2025-05-30,456
2025-05-31,762
2025-06-01,653
2025-06-02,480
2025-06-03,360
2025-06-04,421
2025-06-05,444
2025-06-06,359
2025-06-07,488
2025-06-08,605
2025-06-09,454
2025-06-10,429
2025-06-11,457
2025-06-12,449
2025-06-13,386
2025-06-14,616
2025-06-15,621
2025-06-16,482
2025-06-17,405
2025-06-18,397
2025-06-19,402
2025-06-20,505
2025-06-21,749
2025-06-22,697
2025-06-23,534
2025-06-24,450
2025-06-25,416
2025-06-26,398
2025-06-27,478
2025-06-28,764
2025-06-29,641
2025-06-30,460
2025-07-01,484
2025-07-02,439
2025-07-03,391
2025-07-04,365
2025-07-05,724
2025-07-06,639
2025-07-07,473
2025-07-08,448
2025-07-09,479
2025-07-10,391
2025-07-11,447
2025-07-12,748
2025-07-13,602
2025-07-14,539
2025-07-15,451
2025-07-16,473
2025-07-17,487
2025-07-18,447
2025-07-19,726
2025-07-20,673
2025-07-21,573
2025-07-22,529
2025-07-23,518
2025-07-24,504
2025-07-25,535
2025-07-26,948
2025-07-27,842
2025-07-28,488
2025-07-29,467
2025-07-30,490
2025-07-31,472
2025-08-01,438
2025-08-02,685
2025-08-03,627
2025-08-04,642
2025-08-05,526
2025-08-06,547
2025-08-07,529
2025-08-08,601
2025-08-09,1020
2025-08-10,951
2025-08-11,662
2025-08-12,656
2025-08-13,635
2025-08-14,568
2025-08-15,572
2025-08-16,1018
2025-08-17,1037
2025-08-18,895
2025-08-19,502
2025-08-20,455
2025-08-21,524
2025-08-22,398
2025-08-23,507
2025-08-24,801
2025-08-25,1069
2025-08-26,670
2025-08-27,603
2025-08-28,544
2025-08-29,597
2025-08-30,958
2025-08-31,765
2025-09-01,527
2025-09-02,536
2025-09-03,496
2025-09-04,519
2025-09-05,553
2025-09-06,874
2025-09-07,806
2025-09-08,550
2025-09-09,484
2025-09-10,511
2025-09-11,476
2025-09-12,554
2025-09-13,1051
2025-09-14,890
2025-09-15,581
2025-09-16,539
2025-09-17,514
2025-09-18,515
2025-09-19,586
2025-09-20,1077
2025-09-21,910
2025-09-22,539
2025-09-23,516
2025-09-24,504
2025-09-25,468
2025-09-26,541
2025-09-27,1042
2025-09-28,858
2025-09-29,549
2025-09-30,548
2025-10-01,519
2025-10-02,497
2025-10-03,520
2025-10-04,934
2025-10-05,862
2025-10-06,577
2025-10-07,523
2025-10-08,466
2025-10-09,460
2025-10-10,541
2025-10-11,995
2025-10-12,949
2025-10-13,480
2025-10-14,502
2025-10-15,487
2025-10-16,471
2025-10-17,494
2025-10-18,979
2025-10-19,945
2025-10-20,550
2025-10-21,465
2025-10-22,481
2025-10-23,486
2025-10-24,475
2025-10-25,1019
2025-10-26,896
2025-10-27,586
2025-10-28,478
2025-10-29,506
2025-10-30,524
2025-10-31,471
2025-11-01,943
2025-11-02,791
2025-11-03,507
2025-11-04,486
2025-11-05,482
2025-11-06,474
2025-11-07,498
2025-11-08,919
2025-11-09,778
2025-11-10,592
2025-11-11,483
2025-11-12,533
2025-11-13,486
2025-11-14,514
2025-11-15,924
2025-11-16,792
2025-11-17,465
2025-11-18,465
2025-11-19,451
2025-11-20,435
2025-11-21,480
2025-11-22,930
2025-11-23,827
2025-11-24,519
2025-11-25,514
2025-11-26,476
2025-11-27,443
2025-11-28,479
2025-11-29,850
2025-11-30,799
2025-12-01,512
2025-12-02,484
2025-12-03,479
2025-12-04,449
2025-12-05,502
2025-12-06,1018
2025-12-07,981
2025-12-08,523
2025-12-09,466
2025-12-10,500
2025-12-11,480
2025-12-12,463
2025-12-13,927
2025-12-14,867
2025-12-15,556
2025-12-16,448
2025-12-17,429
2025-12-18,532
2025-12-19,498
2025-12-20,1031
2025-12-21,947
2025-12-22,556
2025-12-23,495
2025-12-24,486
2025-12-25,596
2025-12-26,1190
2025-12-27,1490
2025-12-28,1189
2025-12-29,573
2025-12-30,566
2025-12-31,514
2026-01-01,867
2026-01-02,584
2026-01-03,1045
2026-01-04,917
2026-01-05,528
2026-01-06,442
2026-01-07,517
2026-01-08,456
2026-01-09,554
2026-01-10,1032
2026-01-11,872
2026-01-12,560
2026-01-13,477
2026-01-14,406
2026-01-15,435
2026-01-16,443
2026-01-17,926
2026-01-18,735
2026-01-19,448
2026-01-20,448
2026-01-21,508
2026-01-22,411
2026-01-23,469
2026-01-24,890
2026-01-25,780
2026-01-26,485
2026-01-27,440
2026-01-28,473
2026-01-29,417
2026-01-30,486
2026-01-31,837
2026-02-01,828
2026-02-02,510
2026-02-03,540
2026-02-04,495
2026-02-05,498
2026-02-06,516
2026-02-07,937
2026-02-08,808
2026-02-09,493
2026-02-10,471
2026-02-11,443
2026-02-12,490
2026-02-13,468
2026-02-14,910
2026-02-15,855
2026-02-16,471
2026-02-17,390
2026-02-18,401
2026-02-19,428
2026-02-20,440
2026-02-21,792
2026-02-22,780
2026-02-23,514
2026-02-24,452
2026-02-25,404
2026-02-26,409
2026-02-27,428
2026-02-28,791
